{"cameraMode":{"drawMode":0,"name":"Shaded","section":"Shading Mode"},"sceneLighting":false,"audioPlay":false,"sceneViewState":{"showFog":true,"showMaterialUpdate":false,"showSkybox":true,"showFlares":true,"showImageEffects":true,"showParticleSystems":true},"in2DMode":false,"pivot":{"x":-203.58831787109376,"y":51.73638153076172,"z":231.6834259033203},"rotation":{"x":-0.24668823182582856,"y":0.24698017537593842,"z":-0.06516759842634201,"w":-0.9348295331001282},"size":31.68082618713379,"orthographic":false}